player,2025,2026,2027,2028,2029,2030
Auston Matthews,"$15,925,000","$14,425,000","$10,180,000","$9,120,000",0,0
Nathan MacKinnon,"$15,725,000","$15,250,000","$3,000,000","$8,910,000","$8,910,000","$8,910,000"
Elias Pettersson,"$95,000","$95,000",$0,"$5,000,000","$5,000,000","$5,000,000"
Aleksander Barkov,"$11,000,000","$10,600,000","$9,000,000","$7,000,000","$6,200,000","$6,200,000"
Matthew Tkachuk,"$10,250,000","$10,250,000","$9,000,000","$7,750,000","$6,500,000","$6,000,000"
William Nylander,"$10,000,000","$10,000,000","$11,500,000","$10,500,000","$5,000,000","$5,000,000"
Mika Zibanejad,"$9,500,000","$9,000,000","$7,500,000","$6,750,000","$5,750,000","$5,500,000"
Artemi Panarin,"$9,000,000","$7,000,000",0,0,0,0
Noah Hanifin,"$8,500,000","$7,900,000","$7,500,000","$5,500,000",$0,$0
Alex Pietrangelo,"$8,000,000","$6,000,000",$0,0,0,0
Mitchell Marner,"$7,250,000",0,0,0,0,0
Brandon Hagel,"$7,180,000","$6,500,000",$0,$0,"$1,000,000","$1,000,000"
John Tavares,"$7,040,000",0,0,0,0,0
Connor McDavid,"$7,000,000","$7,000,000",0,0,0,0
Jonathan Huberdeau,"$7,000,000","$7,000,000","$9,500,000","$9,500,000","$7,000,000","$9,500,000"
Brayden Point,"$7,000,000","$7,000,000","$5,750,000","$4,600,000","$4,200,000","$4,200,000"
Anthony Cirelli,"$6,500,000",$0,$0,"$1,000,000","$1,000,000","$1,000,000"
Anze Kopitar,"$6,225,000",$0,0,0,0,0
Mikhail Sergachev,"$6,000,000","$5,000,000","$1,000,000","$1,000,000","$1,000,000","$1,000,000"
Nicklas Bäckström,"$6,000,000",0,0,0,0,0
Alex Ovechkin,"$6,000,000","$4,000,000",0,0,0,0
Timo Meier,"$5,750,000","$5,750,000","$4,400,000","$5,000,000","$5,000,000","$3,300,000"
Gustav Forsling,"$5,525,000","$5,525,000","$5,525,000","$5,525,000","$5,525,000","$4,545,000"
Carey Price,"$5,500,000","$5,500,000",0,0,0,0
Jamie Benn,"$5,500,000",0,0,0,0,0
Tyler Seguin,"$5,250,000","$6,000,000","$5,750,000",0,0,0
Miller,"$5,000,000","$5,000,000",$0,"$3,000,000","$2,500,000",$0
Cole Caufield,"$5,000,000",$0,$0,$0,$0,$0
Owen Tippett,"$5,000,000","$5,000,000",$0,"$3,000,000","$3,000,000",$0
Jesper Bratt,"$5,000,000","$5,000,000","$2,000,000","$5,000,000","$5,000,000","$4,500,000"
Mark Stone,"$5,000,000","$5,000,000","$5,000,000",0,0,0
Seth Jones,"$5,000,000","$5,000,000","$5,000,000","$5,000,000","$5,000,000","$5,000,000"
Tom Wilson,"$5,000,000","$3,000,000","$2,000,000","$2,000,000","$2,000,000","$4,500,000"
Mark Scheifele,"$5,000,000",$0,$0,$0,$0,$0
Rasmus Dahlin,"$5,000,000",$0,$0,$0,$0,$0
Sean Couturier,"$5,000,000","$5,000,000","$6,000,000","$5,000,000","$5,000,000","$5,000,000"
Connor Hellebuyck,"$5,000,000",$0,$0,$0,$0,$0
Erik Cernak,"$4,500,000",0,$0,"$1,000,000","$1,000,000","$1,000,000"
Andrei Vasilevskiy,"$4,500,000","$4,000,000","$3,000,000","$3,000,000",0,0
Alex Vlasic,"$4,500,000","$4,000,000",$0,"$3,000,000","$2,000,000","$2,000,000"
David Pastrnak,"$4,500,000","$4,000,000","$3,000,000","$3,000,000","$3,000,000","$2,500,000"
Vladislav Gavrikov,"$4,475,000",0,0,0,0,0
Filip Hronek,"$4,000,000","$4,000,000",$0,"$4,000,000","$3,000,000","$2,000,000"
Nikita Kucherov,"$4,000,000","$3,000,000","$3,000,000",0,0,0
Kevin Fiala,"$3,250,000","$3,250,000","$2,000,000","$1,000,000",$0,0
Pierre-Luc Dubois,"$3,250,000","$3,250,000","$2,000,000","$1,000,000","$1,000,000","$1,000,000"
Ondrej Palat,"$3,180,000","$1,000,000",$0,0,0,0
Travis Konecny,"$3,000,000",0,0,0,0,0
Victor Hedman,"$3,000,000",0,0,0,0,0
Travis Sanheim,"$3,000,000","$3,000,000",$0,"$3,000,000","$3,000,000",$0
Aaron Ekblad,"$3,000,000",0,0,0,0,0
Roope Hintz,"$3,000,000","$3,000,000","$2,000,000",$0,$0,$0
Brad Marchand,"$3,000,000",0,0,0,0,0
Vincent Trocheck,"$3,000,000","$3,000,000","$3,000,000","$1,500,000","$1,000,000",0
Charlie McAvoy,"$3,000,000","$3,000,000","$4,000,000","$4,000,000","$3,000,000","$3,000,000"
Phillip Danault,"$3,000,000","$1,000,000","$1,000,000",0,0,0
Jalen Chatfield,"$2,750,000","$2,000,000","$1,475,000",0,0,0
Dougie Hamilton,"$2,600,000","$10,550,000","$7,400,000",$0,0,0
Tomas Hertl,"$2,500,000","$2,500,000","$4,750,000","$4,000,000","$2,400,000","$2,400,000"
Nick Foligno,"$2,500,000","$2,500,000",0,0,0,0
Ivan Fedotov,"$2,500,000","$2,500,000",0,0,0,0
Jacob Markström,"$2,500,000","$2,500,000",0,0,0,0
Michael Matheson,"$2,500,000","$2,000,000",0,0,0,0
Marc-Édouard Vlasic,"$2,500,000","$2,000,000",0,0,0,0
Eetu Luostarinen,"$2,500,000","$2,000,000","$1,500,000",0,0,0
Nazem Kadri,"$2,500,000","$2,500,000","$1,000,000",$0,$0,0
Evan Rodrigues,"$2,225,000","$2,225,000","$2,225,000",0,0,0
Zachary Werenski,"$2,000,000","$2,000,000","$6,250,000","$6,250,000",0,0
Ryan Graves,"$2,000,000","$2,000,000","$2,000,000","$2,000,000","$2,000,000",0
Owen Power,"$2,000,000",$0,$0,$0,$0,$0
Joel Farabee,"$2,000,000","$1,500,000",$0,$0,0,0
Dylan Strome,"$2,000,000","$2,000,000","$2,000,000","$2,000,000",0,0
Hampus Lindholm,"$2,000,000","$2,000,000","$2,000,000",$0,$0,$0
MacKenzie Weegar,"$2,000,000","$2,000,000","$2,000,000",$0,$0,$0
Damon Severson,"$2,000,000","$2,000,000","$2,000,000","$1,800,000","$1,000,000",$0
Darcy Kuemper,"$2,000,000","$2,000,000","$2,000,000",0,0,0
Aliaksei Protas,"$2,000,000","$2,000,000","$1,000,000","$1,000,000","$1,000,000",0
Evander Kane,"$2,000,000",$0,0,0,0,0
Rasmus Sandin,"$2,000,000","$2,000,000","$1,000,000","$1,000,000","$1,000,000",0
Sebastian Aho,"$2,000,000","$2,000,000","$2,000,000","$2,000,000","$2,000,000","$2,000,000"
Nick Jensen,"$2,000,000","$2,000,000",0,0,0,0
Jeff Petry,"$2,000,000",0,0,0,0,0
John Carlson,"$2,000,000","$2,000,000",0,0,0,0
Patrik Laine,"$2,000,000","$2,000,000",0,0,0,0
Brent Burns,"$2,000,000",0,0,0,0,0
Johnny Gaudreau,"$2,000,000","$2,000,000","$2,000,000","$2,000,000","$2,000,000",0
Ivan Provorov,"$2,000,000",0,0,0,0,0
Andreas Athanasiou,"$2,000,000",0,0,0,0,0
Evgeny Kuznetsov,"$2,000,000",0,0,0,0,0
Nick Schmaltz,"$1,500,000",$0,0,0,0,0
Nick Seeler,"$1,500,000","$1,000,000",$0,$0,0,0
Sergei Bobrovsky,"$1,500,000","$1,000,000",0,0,0,0
Calle Järnkrok,"$1,325,000","$1,325,000",0,0,0,0
David Kämpf,"$1,325,000","$1,325,000","$1,325,000",0,0,0
Kevin Hayes,"$1,250,000","$1,250,000",0,0,0,0
Erik Haula,"$1,000,000",$0,0,0,0,0
Pavel Zacha,"$1,000,000","$1,000,000",$0,0,0,0
Mason Marchment,"$1,000,000","$1,000,000",0,0,0,0
Jake Allen,"$1,000,000",0,0,0,0,0
Trevor van Riemsdyk,"$1,000,000","$1,250,000",0,0,0,0
Jason Dickinson,"$1,000,000","$1,000,000",0,0,0,0
Petr Mrázek,"$1,000,000","$1,000,000",0,0,0,0
Samuel Montembeault,"$1,000,000",$0,$0,0,0,0
Brandon Tanev,"$1,000,000",0,0,0,0,0
Andrei Kuzmenko,"$1,000,000",0,0,0,0,0
Erik Karlsson,"$1,000,000","$5,000,000","$6,000,000",0,0,0
Tristan Jarry,"$1,000,000","$1,000,000","$3,000,000","$2,500,000",0,0
Oshie,"$1,000,000",0,0,0,0,0
Linus Ullmark,"$1,000,000",0,0,0,0,0
Martin Fehérváry,"$1,000,000","$1,000,000",0,0,0,0
Jonathan Quick,"$500,000",0,0,0,0,0
David Savard,"$500,000",0,0,0,0,0
Michael Rasmussen,"$500,000",$0,$0,$0,0,0
Ross Colton,"$500,000",$0,$0,0,0,0
Samuel Ersson,"$300,000",$0,0,0,0,0
Kurtis MacDermid,"$250,000","$200,000",$0,0,0,0
Nolan Burke,"$95,000",0,0,0,0,0
Georgi Romanov,"$95,000",0,0,0,0,0
Tristen Nielsen,"$95,000",0,0,0,0,0
Amadeus Lombardi,"$95,000",$0,0,0,0,0
Chase Wheatcroft,"$95,000","$72,500",0,0,0,0
Ryan McAllister,"$95,000","$95,000",0,0,0,0
Tucker Robertson,"$95,000","$95,000",0,0,0,0
Ben Steeves,"$95,000","$95,000",0,0,0,0
Dylan Wendt,"$95,000","$95,000",0,0,0,0
Cutter Gauthier,"$95,000","$95,000",0,0,0,0
Samuel Johannesson,"$95,000","$95,000",0,0,0,0
Denton Mateychuk,"$95,000",$0,$0,0,0,0
Filip Mesar,"$95,000",$0,$0,0,0,0
Elias Salomonsson,"$95,000",$0,$0,0,0,0
Josh Filmon,"$95,000","$95,000",$0,0,0,0
Andrew Cristall,"$95,000","$95,000",$0,0,0,0
Samuel Savoie,"$95,000","$95,000",$0,0,0,0
Ethan Gauthier,"$95,000","$95,000",$0,0,0,0
Hunter Brzustewicz,"$95,000","$95,000","$95,000",0,0,0
Nick Lardis,"$95,000","$95,000","$95,000",0,0,0
Julian Lutz,"$95,000","$95,000","$95,000",0,0,0
Oscar Fisker Mølgaard,"$95,000","$95,000","$95,000",0,0,0
Christian Felton,"$95,000",0,0,0,0,0
Oscar Eklind,"$95,000",0,0,0,0,0
Kevin Korchinski,"$95,000",0,0,0,0,0
Kyle McDonald,"$95,000","$95,000",0,0,0,0
Logan Cooley,"$95,000","$95,000",0,0,0,0
Luke Krys,"$95,000","$95,000",0,0,0,0
Collin Graf,"$95,000","$95,000",0,0,0,0
Hunter McDonald,"$95,000","$95,000",0,0,0,0
Joakim Kemell,"$95,000",$0,$0,0,0,0
Michael Buchinger,"$95,000","$95,000",$0,0,0,0
Gavin Hayes,"$95,000","$95,000",$0,0,0,0
David Edstrom,"$95,000","$95,000",$0,0,0,0
Samuel Honzek,"$95,000","$95,000",$0,0,0,0
Carson Bjarnason,"$95,000","$95,000",$0,0,0,0
Mikael Diotte,"$95,000","$95,000","$95,000",0,0,0
Tristan Bertucci,"$95,000","$95,000","$95,000",0,0,0
Otto Stenberg,"$95,000","$95,000","$95,000",0,0,0
Aleksanteri Kaskimäki,"$95,000","$95,000","$95,000",0,0,0
Ondrej Pavel,"$95,000",0,0,0,0,0
Luke Toporowski,"$95,000",0,0,0,0,0
Marcus Sylvegård,"$95,000",0,0,0,0,0
Gavin White,"$95,000","$57,500",0,0,0,0
Adam Fantilli,"$95,000","$95,000",0,0,0,0
Zach Benson,"$95,000","$95,000",0,0,0,0
Lleyton Roed,"$95,000","$95,000",0,0,0,0
Samuel Hlavaj,"$95,000","$95,000",0,0,0,0
Gavin Brindley,"$95,000","$95,000",0,0,0,0
Adam Sýkora,"$95,000",$0,$0,0,0,0
Calle Odelius,"$95,000",$0,$0,0,0,0
Maveric Lamoureux,"$95,000",$0,$0,0,0,0
Jordan Dumais,"$95,000",$0,$0,0,0,0
Hunter Haight,"$95,000","$95,000",$0,0,0,0
David Goyette,"$95,000","$95,000",$0,0,0,0
Jani Nyman,"$95,000","$95,000",$0,0,0,0
Eduard Sale,"$95,000","$95,000",$0,0,0,0
Quentin Musty,"$95,000","$95,000",$0,0,0,0
Gabriel Szturc,"$95,000","$95,000","$95,000",0,0,0
Rasmus Kumpulainen,"$95,000","$95,000","$95,000",0,0,0
Lukas Dragicevic,"$95,000","$95,000","$95,000",0,0,0
Rodwin Dionicio,"$95,000","$95,000","$95,000",0,0,0
Will Smith,"$95,000","$95,000","$95,000",0,0,0
Jesse Nurmi,"$95,000","$95,000","$95,000",0,0,0
Aidan Fulp,"$95,000",0,0,0,0,0
Emil Martinsen Lilleberg,"$95,000",0,0,0,0,0
Sam Morton,"$95,000",0,0,0,0,0
Pavel Mintyukov,"$95,000",$0,0,0,0,0
Ivan Miroshnichenko,"$95,000","$95,000",0,0,0,0
Justin Hryckowian,"$95,000","$95,000",0,0,0,0
Mikuláš Hovorka,"$95,000","$95,000",0,0,0,0
Arttu Hyry,"$95,000","$95,000",0,0,0,0
Ludwig Persson,"$95,000",$0,$0,0,0,0
Reid Schaefer,"$95,000",$0,$0,0,0,0
Luca Del Bel Belluz,"$95,000",$0,$0,0,0,0
Filip Bystedt,"$95,000","$95,000",$0,0,0,0
Nate Danielson,"$95,000","$95,000",$0,0,0,0
Oliver Bonk,"$95,000","$95,000",$0,0,0,0
Denver Barkey,"$95,000","$95,000","$95,000",0,0,0
Carson Rehkopf,"$95,000","$95,000","$95,000",0,0,0
Adam Engström,"$95,000","$95,000","$95,000",0,0,0
Martin Misiak,"$95,000","$95,000","$95,000",0,0,0
Lucas Edmonds,"$95,000",0,0,0,0,0
Anton Malmström,"$95,000",0,0,0,0,0
Travis Mitchell,"$95,000",0,0,0,0,0
John Farinacci,"$95,000",0,0,0,0,0
Oliver Okuliar,"$95,000",0,0,0,0,0
Christoffer Sedoff,"$95,000","$95,000",0,0,0,0
Logan Morrison,"$95,000","$95,000",0,0,0,0
Leo Carlsson,"$95,000","$95,000",0,0,0,0
Cam Thiesing,"$95,000","$95,000",0,0,0,0
Vittorio Mancini,"$95,000","$95,000",0,0,0,0
Alexander Suzdalev,"$95,000",$0,$0,0,0,0
Owen Pickering,"$95,000",0,$0,0,0,0
Marek Alscher,"$95,000","$95,000",$0,0,0,0
Jagger Firkus,"$95,000","$95,000",$0,0,0,0
David Reinbacher,"$95,000","$95,000",$0,0,0,0
Kasper Halttunen,"$95,000","$95,000",$0,0,0,0
Tristan Luneau,"$95,000","$95,000",$0,0,0,0
Theo Lindstein,"$95,000","$95,000","$95,000",0,0,0
Nico Myatovic,"$95,000","$95,000","$95,000",0,0,0
Luca Pinelli,"$95,000","$95,000","$95,000",0,0,0
Juraj Pekarcik,"$95,000","$95,000","$95,000",0,0,0
Michael Milne,"$95,000",0,0,0,0,0
Carl Berglund,"$95,000",0,0,0,0,0
Nikita Tolopilo,"$95,000",0,0,0,0,0
Matthew Stienburg,"$95,000",0,0,0,0,0
Wilmer Skoog,"$95,000",0,0,0,0,0
Jere Innala,"$95,000",0,0,0,0,0
David Jiricek,"$95,000",$0,0,0,0,0
Alexandre Doucet,"$95,000","$95,000",0,0,0,0
Matthew Maggio,"$95,000","$95,000",0,0,0,0
Connor Bedard,"$95,000","$95,000",0,0,0,0
Stephen Halliday,"$95,000","$95,000",0,0,0,0
Cooper Black,"$95,000","$95,000",0,0,0,0
Lane Hutson,"$95,000","$95,000",0,0,0,0
Jakub Rychlovský,"$95,000","$95,000",0,0,0,0
Shane Wright,"$95,000",$0,$0,0,0,0
Jiri Kulich,"$95,000",$0,$0,0,0,0
Liam Öhgren,"$95,000",$0,$0,0,0,0
Bryce McConnell-Barker,"$95,000","$95,000",$0,0,0,0
Jonathan Lekkerimäki,"$95,000","$95,000",$0,0,0,0
Dalibor Dvorsky,"$95,000","$95,000",$0,0,0,0
Noah Warren,"$95,000","$95,000",$0,0,0,0
Isaiah George,"$95,000","$95,000",$0,0,0,0
Milo Roelens,"$95,000","$95,000","$95,000",0,0,0
Tomas Suchanek,"$95,000","$95,000","$95,000",0,0,0
Bradly Nadeau,"$95,000","$95,000",$0,0,0,0
Seamus Casey,"$95,000","$95,000","$95,000",0,0,0
Dyllan Gill,"$95,000","$95,000","$95,000",0,0,0
Viktor Neuchev,"$95,000","$95,000",0,0,0,0
Noah Östlund,"$95,000",$0,$0,0,0,0
Conor Geekie,"$95,000",$0,$0,0,0,0
Owen Beck,"$95,000",$0,$0,0,0,0
Paul Ludwinski,"$95,000","$95,000",$0,0,0,0
Lian Bichsel,"$95,000","$95,000",$0,0,0,0
Tanner Molendyk,"$95,000","$95,000",$0,0,0,0
Emil Pieniniemi,"$95,000","$95,000",$0,0,0,0
Colby Barlow,"$95,000","$95,000",$0,0,0,0
Zac Funk,"$95,000","$95,000","$95,000",0,0,0
Connor Punnett,"$95,000","$95,000","$95,000",0,0,0
James Stefan,"$95,000","$95,000","$95,000",0,0,0
Ty Mueller,"$95,000","$95,000","$95,000",0,0,0
Florian Xhekaj,"$95,000","$95,000","$85,000",0,0,0
Andrew Gibson,"$95,000","$95,000","$95,000",0,0,0
Axel Sandin Pellikka,"$95,000","$95,000","$95,000",0,0,0
Luca Cagnoni,"$95,000","$95,000","$95,000",0,0,0
Damian Clara,"$95,000","$95,000","$95,000",0,0,0
Juraj Slafkovsky,"$95,000",0,0,0,0,0
Valtteri Pulli,"$95,000",0,0,0,0,0
Pierrick Dubé,"$95,000",0,0,0,0,0
Jaxon Nelson,"$95,000",0,0,0,0,0
Waltteri Ignatjew,"$95,000",0,0,0,0,0
Maxim Tsyplakov,"$95,000",0,0,0,0,0
Simon Nemec,"$95,000",$0,0,0,0,0
Christian Kyrou,"$95,000","$95,000",0,0,0,0
Tyler Brennan,"$95,000","$95,000",0,0,0,0
Matthew Poitras,"$95,000","$95,000",0,0,0,0
Victor Östman,"$95,000","$95,000",0,0,0,0
Frank Nazar,"$95,000","$95,000",0,0,0,0
Marco Kasper,"$95,000",$0,$0,0,0,0
Matthew Savoie,"$95,000",$0,$0,0,0,0
Nathan Gaucher,"$95,000",$0,$0,0,0,0
Brad Lambert,"$95,000",$0,$0,0,0,0
Danil Zhilkin,"$95,000",$0,$0,0,0,0
Niklas Kokko,"$95,000","$95,000",$0,0,0,0
Kalan Lind,"$95,000","$95,000",$0,0,0,0
Anton Wahlberg,"$95,000","$95,000",$0,0,0,0
Sawyer Mynio,"$95,000","$95,000",$0,0,0,0
Beau Akey,"$95,000","$95,000",$0,0,0,0
Riley Heidt,"$95,000","$95,000","$95,000",0,0,0
Charles-Alexis Legault,"$95,000","$95,000","$95,000",0,0,0
Easton Cowan,"$93,500","$95,000",$0,0,0,0
Henry Rybinski,"$92,500",0,0,0,0,0
Joshua Lopina,"$92,500",0,0,0,0,0
Henri Nikkanen,"$92,500",0,0,0,0,0
Ryder Korczak,"$92,500",0,0,0,0,0
John Beecher,"$92,500",0,0,0,0,0
Elmer Söderblom,"$92,500",0,0,0,0,0
Jayden Struble,"$92,500",0,0,0,0,0
Luke Hughes,"$92,500",0,0,0,0,0
Ryan Johnson,"$92,500",0,0,0,0,0
Drew Bavaro,"$92,500",0,0,0,0,0
Ethan Del Mastro,"$92,500",$0,0,0,0,0
Joe Fleming,"$92,500",$0,0,0,0,0
Caedan Bankier,"$92,500","$92,500",0,0,0,0
Leo Lööf,"$92,500","$92,500",0,0,0,0
Fedor Svechkov,"$92,500","$92,500",0,0,0,0
Ty Nelson,"$92,500","$92,500",$0,0,0,0
Shai Buium,"$92,500","$92,500","$92,500",0,0,0
Niko Huuhtanen,"$92,500","$92,500","$92,500",0,0,0
Ty Glover,"$92,500",0,0,0,0,0
Daniel Torgersson,"$92,500",0,0,0,0,0
Mikael Pyyhtiä,"$92,500",0,0,0,0,0
Jesper Wallstedt,"$92,500",0,0,0,0,0
Devon Levi,"$92,500",0,0,0,0,0
Parker Ford,"$92,500",0,0,0,0,0
Brock Faber,"$92,500",0,0,0,0,0
Dmitri Voronkov,"$92,500",0,0,0,0,0
Simon Edvinsson,"$92,500",$0,0,0,0,0
Evan Nause,"$92,500",$0,0,0,0,0
Ville Ottavainen,"$92,500","$92,500",0,0,0,0
Joel Blomqvist,"$92,500","$92,500",0,0,0,0
Nikita Chibrikov,"$92,500","$92,500",0,0,0,0
Alex Jefferies,"$92,500","$92,500",0,0,0,0
Jack Peart,"$92,500","$92,500","$92,500",0,0,0
Sean Behrens,"$92,500","$92,500","$92,500",0,0,0
Oliver Kapanen,"$92,500","$92,500","$92,500",0,0,0
Drew Helleson,"$92,500",0,0,0,0,0
William Dufour,"$92,500",0,0,0,0,0
Calle Clang,"$92,500",0,0,0,0,0
Yaroslav Askarov,"$92,500",0,0,0,0,0
Nick Perbix,"$92,500",0,0,0,0,0
Antti Tuomisto,"$92,500",0,0,0,0,0
Sean Farrell,"$92,500",0,0,0,0,0
Chaz Lucius,"$92,500",0,0,0,0,0
Logan Mailloux,"$92,500",$0,0,0,0,0
Brett Berard,"$92,500","$92,500",0,0,0,0
Maxim Groshev,"$92,500","$92,500",0,0,0,0
Jakub Málek,"$92,500","$92,500",0,0,0,0
Tristan Broz,"$92,500","$92,500","$92,500",0,0,0
Taylor Gauthier,"$92,500",0,0,0,0,0
Zach Uens,"$92,500",0,0,0,0,0
Ryker Evans,"$92,500",0,0,0,0,0
Nathan Staios,"$92,500",0,0,0,0,0
Matthew Knies,"$92,500",0,0,0,0,0
Daniil Misyul,"$92,500",0,0,0,0,0
Nikolai Kovalenko,"$92,500",0,0,0,0,0
Sam Colangelo,"$92,500",0,0,0,0,0
Riley Kidney,"$92,500",$0,0,0,0,0
Ryder Rolston,"$92,500","$92,500",0,0,0,0
Emil Andrae,"$92,500","$92,500",0,0,0,0
Drew Commesso,"$92,500","$92,500",0,0,0,0
Nikita Novikov,"$92,500","$92,500",0,0,0,0
Aleksei Kolosov,"$92,500","$92,500",0,0,0,0
Jaroslav Chmelar,"$92,500","$92,500","$92,500",0,0,0
Jordan Frasca,"$92,500",0,0,0,0,0
Cross Hanas,"$92,500",0,0,0,0,0
Xavier Bourgault,"$92,500",0,0,0,0,0
Maxwell Crozier,"$92,500",0,0,0,0,0
Matthew Coronato,"$92,500",0,0,0,0,0
Magnus Chrona,"$92,500",0,0,0,0,0
Mackie Samoskevich,"$92,500",0,0,0,0,0
Topias Vilén,"$92,500",$0,0,0,0,0
William Wallinder,"$92,500","$92,500",0,0,0,0
Jackson Blake,"$92,500","$92,500",0,0,0,0
Luke Tuch,"$92,500","$92,500",0,0,0,0
Tye Kartye,"$92,500",0,0,0,0,0
Emil Heineman,"$92,500",0,0,0,0,0
Brendan Brisson,"$92,500",0,0,0,0,0
Alexander Kisakov,"$92,500",0,0,0,0,0
Mason Lohrei,"$92,500",0,0,0,0,0
Landon Slaggert,"$92,500",0,0,0,0,0
Olivier Nadeau,"$92,500",$0,0,0,0,0
Josh Doan,"$92,500","$92,500",0,0,0,0
Carter Mazur,"$92,500","$92,500",0,0,0,0
Ethan Cardwell,"$92,500","$92,500",0,0,0,0
Jayden Grubbe,"$92,500","$92,500",0,0,0,0
Joel Nyström,"$92,500","$92,500",0,0,0,0
Ryan Ufko,"$92,500","$92,500","$92,500",0,0,0
Caden Price,"$92,500","$90,000","$90,000",0,0,0
Lukas Svejkovsky,"$92,500",0,0,0,0,0
Jalen Luypen,"$92,500",0,0,0,0,0
Tyler Kleven,"$92,500",0,0,0,0,0
Antti Saarela,"$92,500",0,0,0,0,0
Jakub Dobes,"$92,500",0,0,0,0,0
Michael Benning,"$92,500",0,0,0,0,0
Aku Räty,"$92,500",0,0,0,0,0
Francesco Pinelli,"$92,500",$0,0,0,0,0
Isak Rosén,"$92,500",$0,0,0,0,0
Corson Ceulemans,"$92,500","$92,500",0,0,0,0
William Strömgren,"$92,500","$92,500",0,0,0,0
Scott Morrow,"$92,500","$92,500",0,0,0,0
Dylan Peterson,"$92,500","$92,500",0,0,0,0
Massimo Rizzo,"$92,500","$92,500",0,0,0,0
Bennett MacArthur,"$92,500",0,0,0,0,0
Georgi Merkulov,"$92,500",0,0,0,0,0
Bogdan Trineyev,"$92,500",0,0,0,0,0
Wyatt Kaiser,"$92,500",0,0,0,0,0
Trevor Kuntar,"$92,500",0,0,0,0,0
Domenick Fensore,"$92,500",0,0,0,0,0
Marat Khusnutdinov,"$92,500",0,0,0,0,0
Josh Bloom,"$92,500",$0,0,0,0,0
Gannon Laroque,"$92,500",$0,0,0,0,0
Brett Harrison,"$92,500",$0,0,0,0,0
Tristan Lennox,"$92,500","$92,500",0,0,0,0
Eetu Liukas,"$92,500","$92,500",0,0,0,0
Riley Duran,"$92,500","$92,500",0,0,0,0
Justin Ertel,"$92,500","$92,500","$92,500",0,0,0
Dylan Duke,"$92,500","$92,500","$92,500",0,0,0
Simon Robertsson,"$92,500","$92,500","$92,500",0,0,0
Kyle Masters,"$90,000","$90,000",0,0,0,0
Jakub Dvorak,"$90,000","$90,000",$0,0,0,0
Ethan Samson,"$90,000",0,0,0,0,0
Vsevolod Komarov,"$90,000","$90,000",$0,0,0,0
Yegor Sidorov,"$90,000","$90,000","$90,000",0,0,0
Oskar Pettersson,"$90,000","$90,000",$0,0,0,0
Noel Nordh,"$90,000","$90,000","$90,000",0,0,0
Jakub Stancl,"$90,000","$90,000","$95,000",0,0,0
Fraser Minten,"$87,500",$0,$0,0,0,0
Cade Webber,"$87,500",0,0,0,0,0
Isaac Belliveau,"$87,500","$87,500",0,0,0,0
Koehn Ziemmer,"$87,500","$87,500",$0,0,0,0
Noel Gunler,"$87,500",0,0,0,0,0
Alex Laferriere,"$87,500",0,0,0,0,0
Jacob Quillan,"$87,500","$87,500",0,0,0,0
Nikita Grebyonkin,"$87,500","$87,500",0,0,0,0
Jake Furlong,"$87,500","$87,500",$0,0,0,0
Gleb Trikozov,"$87,500","$87,500","$87,500",0,0,0
James Malatesta,"$87,500",$0,0,0,0,0
David Spacek,"$87,500","$87,500",0,0,0,0
Alexis Gendron,"$85,000","$85,000",0,0,0,0
Connor Ungar,"$85,000","$85,000",0,0,0,0
Jackson Edward,"$85,000","$85,000",$0,0,0,0
Tomas Hamara,"$85,000",$0,$0,0,0,0
Coulson Pitre,"$85,000","$85,000","$85,000",0,0,0
Talyn Boyko,"$85,000",0,0,0,0,0
Frédéric Brunet,"$85,000","$85,000",0,0,0,0
Felix Unger Sörum,"$85,000","$85,000",$0,0,0,0
William Trudeau,"$85,000",0,0,0,0,0
Maksymilian Szuber,"$85,000","$85,000",0,0,0,0
Jared Davidson,"$85,000","$90,000",0,0,0,0
Marc-Andre Gaudet,"$85,000",$0,$0,0,0,0
Joshua Roy,"$85,000",$0,0,0,0,0
Fabian Wagner,"$85,000","$85,000",$0,0,0,0
Domenic DiVincentiis,"$85,000","$85,000",$0,0,0,0
Roni Hirvonen,"$85,000",0,0,0,0,0
Artem Guryev,"$85,000","$85,000",0,0,0,0
Matyas Sapovaliv,"$85,000",$0,$0,0,0,0
Topi Niemelä,"$85,000",0,0,0,0,0
Kalle Väisänen,"$85,000","$90,000","$90,000",0,0,0
Jesper Vikman,"$83,000","$83,000",0,0,0,0
Jordan Gustafson,"$82,500","$82,500",$0,0,0,0
Lucas Ciona,"$82,500",$0,0,0,0,0
Max McCue,"$82,500","$82,500","$85,000",0,0,0
Jakub Brabenec,"$82,500",$0,0,0,0,0
Cameron Butler,"$82,500","$85,000",0,0,0,0
Parker Bell,"$82,500","$82,500",0,0,0,0
Tyson Kozak,"$80,556",0,0,0,0,0
Dennis Hildeby,"$80,000",0,0,0,0,0
Sandis Vilmanis,"$80,000","$80,000","$80,000",0,0,0
Maximus Wanner,"$80,000",0,0,0,0,0
Rory Kerins,"$80,000",0,0,0,0,0
Carter Gylander,"$80,000","$80,000",0,0,0,0
Mikko Kokkonen,"$80,000",0,0,0,0,0
Adam Edström,"$80,000",0,0,0,0,0
Vadim Zherenko,"$80,000",0,0,0,0,0
Xavier Simoneau,"$80,000",0,0,0,0,0
Mathieu Cataford,"$80,000","$80,000",$0,0,0,0
Pavel Novak,"$80,000",0,0,0,0,0
Ryan Mast,"$80,000",$0,0,0,0,0
Jeremy Hanzel,"$80,000","$75,000","$75,000",0,0,0
Ryan Winterton,"$80,000",$0,0,0,0,0
Ryan Hofer,"$80,000","$70,000",0,0,0,0
Joshua Davies,"$80,000","$80,000",$0,0,0,0
Tyrel Bauer,"$80,000",0,0,0,0,0
Tyson Hinds,"$80,000",$0,0,0,0,0
Hugo Ollas,"$80,000","$80,000",0,0,0,0
Vyacheslav Buteyets,"$77,500","$77,500",0,0,0,0
Angus Booth,"$77,500","$77,500",$0,0,0,0
Jaxsen Wiebe,"$77,500","$75,000",0,0,0,0
Aatu Jämsen,"$77,500","$77,500",0,0,0,0
Jacob Melanson,"$77,500",$0,0,0,0,0
Raivis Ansons,"$77,500",0,0,0,0,0
Kaleb Lawrence,"$77,500","$77,500","$77,500",0,0,0
Jakub Demek,"$77,000","$76,049",0,0,0,0
Ty Young,"$75,000","$75,000",$0,0,0,0
Sam Malinski,"$75,000",0,0,0,0,0
Vyacheslav Peksa,"$75,000","$80,000",0,0,0,0
Noah Chadwick,"$75,000","$80,000",$0,0,0,0
Juha Jääskä,"$75,000",0,0,0,0,0
Francesco Arcuri,"$75,000",$0,0,0,0,0
Kirill Kudryavtsev,"$75,000","$75,000",$0,0,0,0
Sam Lipkin,"$75,000","$75,000","$80,000",0,0,0
Dylan Roobroeck,"$75,000","$75,000","$75,000",0,0,0
Garin Bjorklund,"$75,000",0,0,0,0,0
Ryan Tverberg,"$75,000","$80,000",0,0,0,0
Benjamin Kraws,"$75,000",0,0,0,0,0
Will Cranley,"$75,000",0,0,0,0,0
Jaydon Dureau,"$75,000",0,0,0,0,0
Artur Akhtiamov,"$75,000","$80,000",0,0,0,0
Joni Jurmo,"$75,000","$75,000",0,0,0,0
Matthew Seminoff,"$75,000","$75,000",0,0,0,0
Rémi Poirier,"$70,000",0,0,0,0,0
Emmitt Finnie,"$70,000","$70,000","$70,000",0,0,0
Ruslan Khazheyev,"$70,000","$70,000","$70,000",0,0,0
Ben Hemmerling,"$70,000","$67,500",$0,0,0,0
Brady Stonehouse,"$70,000","$70,000",$0,0,0,0
Mitchell Russell,"$70,000",0,0,0,0,0
Kai Schwindt,"$70,000",$0,$0,0,0,0
Ilya Nikolayev,"$70,000",0,0,0,0,0
Ivan Ivan,"$70,000","$70,000",0,0,0,0
Jake Chiasson,"$70,000","$70,000",0,0,0,0
Austin Roest,"$70,000","$70,000","$70,000",0,0,0
Daylan Kuefler,"$65,000","$65,000",0,0,0,0
Jorian Donovan,"$65,000",$0,$0,0,0,0
Carl Lindbom,"$65,000","$65,000",0,0,0,0
Cole Krygier,"$62,500",0,0,0,0,0
Judd Caulfield,"$62,500",0,0,0,0,0
Thomas Milic,"$60,000","$70,000","$70,000",0,0,0
Anttoni Honka,"$60,000",0,0,0,0,0
Antonio Stranges,"$55,000",0,0,0,0,0
Philippe Daoust,"$55,000",0,0,0,0,0
Isaac Poulter,"$55,000",0,0,0,0,0
Arshdeep Bains,"$50,000",0,0,0,0,0
Gage Alexander,"$50,000",0,0,0,0,0
Montana Onyebuchi,"$50,000",0,0,0,0,0
Justin Robidas,"$50,000","$50,000",0,0,0,0
Marshall Warren,"$50,000","$50,000",0,0,0,0
Jérémie Biakabutuka,"$50,000","$50,000",0,0,0,0
Henrik Tikkanen,"$48,750","$48,750",0,0,0,0
Nolan Lalonde,"$45,000",$0,$0,0,0,0
Djibril Touré,"$35,000","$35,000",0,0,0,0
Yaniv Perets,"$30,000",0,0,0,0,0
Saige Weinstein,"$25,000","$25,000",$0,0,0,0
Navrin Mutter,"$10,000",0,0,0,0,0
Sidney Crosby,$0,0,0,0,0,0
Jaccob Slavin,$0,0,0,0,0,0
Nate Schmidt,$0,0,0,0,0,0
Vasili Ponomarev,$0,0,0,0,0,0
Luke Evangelista,$0,0,0,0,0,0
Mavrik Bourque,$0,0,0,0,0,0
Daemon Hunt,$0,0,0,0,0,0
John-Jason Peterka,$0,0,0,0,0,0
Mikael Granlund,$0,0,0,0,0,0
Carter Verhaeghe,$0,0,0,0,0,0
Tanner Dickinson,$0,0,0,0,0,0
William Villeneuve,$0,0,0,0,0,0
Dylan Garand,$0,0,0,0,0,0
Nico Sturm,$0,0,0,0,0,0
Mathew Barzal,$0,$0,$0,$0,$0,$0
Keegan Kolesar,$0,0,0,0,0,0
Cayden Primeau,$0,0,0,0,0,0
Jordan Harris,$0,0,0,0,0,0
Nikolai Knyzhov,$0,0,0,0,0,0
Dominic Toninato,$0,0,0,0,0,0
Clark Bishop,$0,0,0,0,0,0
Trey Fix-Wolansky,$0,0,0,0,0,0
Tyler Tucker,$0,0,0,0,0,0
Nathan Bastian,$0,0,0,0,0,0
Luke Glendening,$0,0,0,0,0,0
Brogan Rafferty,$0,0,0,0,0,0
Marshall Rifai,$0,0,0,0,0,0
Mason Geertsen,$0,0,0,0,0,0
Benjamin Gleason,$0,0,0,0,0,0
Dylan Samberg,$0,0,0,0,0,0
Lucas Condotta,$0,0,0,0,0,0
Brett Howden,$0,0,0,0,0,0
Ryan McLeod,$0,0,0,0,0,0
Morgan Frost,$0,0,0,0,0,0
Chris Wagner,$0,0,0,0,0,0
Marc-André Fleury,$0,0,0,0,0,0
Brett Seney,$0,0,0,0,0,0
Andre Lee,$0,0,0,0,0,0
Gabriel Fortier,$0,0,0,0,0,0
Linus Karlsson,$0,0,0,0,0,0
Samuel Fagemo,$0,0,0,0,0,0
Cam Fowler,$0,$0,0,0,0,0
Charlie Coyle,$0,$0,0,0,0,0
Jamie Oleksiak,$0,$0,0,0,0,0
Oskar Olausson,$0,$0,0,0,0,0
Samu Tuomaala,$0,$0,0,0,0,0
Carson Lambos,$0,$0,0,0,0,0
Colton Dach,$0,$0,0,0,0,0
Matvei Petrov,$0,$0,0,0,0,0
Jérémy Lauzon,$0,$0,0,0,0,0
Jon Merrill,$0,0,0,0,0,0
Daniil Tarasov,$0,0,0,0,0,0
Claude Giroux,$0,0,0,0,0,0
Reilly Smith,$0,0,0,0,0,0
Mason Appleton,$0,0,0,0,0,0
Olli Määttä,$0,0,0,0,0,0
Walker Duehr,$0,0,0,0,0,0
Philip Kemp,$0,0,0,0,0,0
Zachary Jones,$0,0,0,0,0,0
Evgeni Dadonov,$0,0,0,0,0,0
Joey Daccord,$0,0,0,0,0,0
Mackenzie Blackwood,$0,0,0,0,0,0
Dmitry Orlov,$0,0,0,0,0,0
Ryan Donato,$0,0,0,0,0,0
Rhett Gardner,$0,0,0,0,0,0
Scott Sabourin,$0,0,0,0,0,0
Mason Morelli,$0,0,0,0,0,0
William Borgen,$0,0,0,0,0,0
Olle Lycksell,$0,0,0,0,0,0
Gabriel Vilardi,$0,0,0,0,0,0
Drew O'Connor,$0,0,0,0,0,0
Justin Danforth,$0,0,0,0,0,0
Parker Wotherspoon,$0,0,0,0,0,0
Trent Miner,$0,0,0,0,0,0
Mathias Laferrière,$0,0,0,0,0,0
Maxence Guénette,$0,0,0,0,0,0
Cole McWard,$0,0,0,0,0,0
Nick DeSimone,$0,0,0,0,0,0
Rasmus Andersson,$0,$0,0,0,0,0
Conor Garland,$0,$0,0,0,0,0
Fabian Lysell,$0,$0,0,0,0,0
William Eklund,$0,$0,0,0,0,0
Connor Murphy,$0,"$1,000,000",0,0,0,0
Braeden Kressler,$0,$0,0,0,0,0
Zach Dean,$0,$0,0,0,0,0
Adrian Kempe,$0,$0,0,0,0,0
Connor Ingram,$0,0,0,0,0,0
Carson Soucy,$0,0,0,0,0,0
Zack MacEwen,$0,0,0,0,0,0
Mats Zuccarello,$0,$0,0,0,0,0
Nathan Walker,$0,$0,0,0,0,0
Brandon Scanlin,$0,$0,0,0,0,0
Oskar Sundqvist,$0,$0,0,0,0,0
Justus Annunen,$0,$0,0,0,0,0
Mitchell Chaffee,$0,$0,0,0,0,0
Matt Villalta,$0,$0,0,0,0,0
Ryan Ellis,$0,$0,$0,0,0,0
Justin Faulk,$0,$0,$0,0,0,0
Jordan Binnington,$0,$0,$0,0,0,0
Drake Batherson,$0,$0,$0,0,0,0
Andrew Copp,$0,$0,$0,0,0,0
Nicolas Roy,$0,$0,$0,0,0,0
Pyotr Kochetkov,$0,$0,$0,0,0,0
Alex Killorn,$0,$0,$0,0,0,0
Alex DeBrincat,$0,$0,$0,0,0,0
Joshua Morrissey,$0,$0,$0,$0,0,0
Andrei Svechnikov,$0,$0,$0,$0,$0,0
Miles Wood,$0,$0,$0,$0,$0,0
Mattias Samuelsson,$0,$0,$0,$0,$0,$0
Devon Toews,$0,$0,"$1,000,000",$0,$0,$0
Leon Draisaitl,$0,0,0,0,0,0
Ozzy Wiesblatt,$0,0,0,0,0,0
Luke Prokop,$0,0,0,0,0,0
Jan Mysak,$0,0,0,0,0,0
Daniil Gushchin,$0,0,0,0,0,0
Adam Larsson,$0,0,0,0,0,0
Cody Ceci,$0,0,0,0,0,0
Neal Pionk,$0,0,0,0,0,0
Tyler Tullio,$0,0,0,0,0,0
Martin Chromiak,$0,0,0,0,0,0
Brayden McNabb,$0,0,0,0,0,0
Brock Boeser,$0,0,0,0,0,0
Curtis Lazar,$0,0,0,0,0,0
Jonas Røndbjerg,$0,0,0,0,0,0
Jake Leschyshyn,$0,0,0,0,0,0
Nicolas Hague,$0,0,0,0,0,0
Keaton Middleton,$0,0,0,0,0,0
Hudson Fasching,$0,0,0,0,0,0
Michael Eyssimont,$0,0,0,0,0,0
Michael Pezzetta,$0,0,0,0,0,0
Samuel Bolduc,$0,0,0,0,0,0
Gustav Olofsson,$0,0,0,0,0,0
Klim Kostin,$0,0,0,0,0,0
Frederik Andersen,$0,0,0,0,0,0
Andreas Englund,$0,0,0,0,0,0
Mackenzie MacEachern,$0,0,0,0,0,0
Fabian Zetterlund,$0,0,0,0,0,0
Garnet Hathaway,$0,0,0,0,0,0
Rafaël Harvey-Pinard,$0,0,0,0,0,0
Tobias Björnfot,$0,0,0,0,0,0
Tanner Jeannot,$0,0,0,0,0,0
Philipp Kurashev,$0,0,0,0,0,0
Rasmus Kupari,$0,0,0,0,0,0
Ethan Bear,$0,0,0,0,0,0
Kevin Rooney,$0,0,0,0,0,0
Spencer Martin,$0,0,0,0,0,0
Filip Král,$0,0,0,0,0,0
Colten Ellis,$0,0,0,0,0,0
Scott Perunovich,$0,0,0,0,0,0
Mathias Emilio Pettersen,$0,0,0,0,0,0
Brandon Bussi,$0,0,0,0,0,0
Jean-Gabriel Pageau,$0,0,0,0,0,0
Brandt Clarke,$0,0,0,0,0,0
Sebastian Cossa,$0,0,0,0,0,0
Nolan Allan,$0,0,0,0,0,0
Vincent Iorio,$0,0,0,0,0,0
Roman Schmidt,$0,0,0,0,0,0
Evgeni Malkin,$0,"$3,800,000",0,0,0,0
Erik Gudbranson,$0,0,0,0,0,0
Paul Cotter,$0,$0,0,0,0,0
Sonny Milano,$0,$0,0,0,0,0
Conor Sheary,$0,$0,0,0,0,0
Trevor Zegras,$0,$0,0,0,0,0
Michael McCarron,$0,$0,0,0,0,0
Jonah Gadjovich,$0,$0,0,0,0,0
Jonathan Gruden,$0,$0,0,0,0,0
Alex Nedeljkovic,$0,$0,0,0,0,0
Nico Hischier,$0,$0,$0,0,0,0
Brandon Carlo,$0,$0,$0,0,0,0
Elvis Merzlikins,$0,$0,$0,0,0,0
Semyon Varlamov,$0,$0,$0,0,0,0
Alex Newhook,$0,$0,$0,0,0,0
Thomas Chabot,$0,$0,$0,$0,0,0
Brady Tkachuk,$0,$0,$0,$0,0,0
Frédérick Gaudreau,$0,$0,$0,$0,0,0
Adam Fox,$0,$0,"$6,500,000","$6,250,000","$4,750,000",0
Jesperi Kotkaniemi,$0,$0,$0,$0,$0,$0
Matthew Boldy,$0,$0,$0,$0,$0,$0
Ilya Sorokin,$0,$0,$0,$0,$0,$0
Nikolaj Ehlers,$0,0,0,0,0,0
Esa Lindell,$0,0,0,0,0,0
Marcus Pettersson,$0,0,0,0,0,0
Jake Neighbours,$0,0,0,0,0,0
Jack Finley,$0,0,0,0,0,0
Alex Iafallo,$0,0,0,0,0,0
Jack Thompson,$0,0,0,0,0,0
Taylor Hall,$0,0,0,0,0,0
Sean Kuraly,$0,0,0,0,0,0
Mason McTavish,$0,0,0,0,0,0
Cal Petersen,$0,0,0,0,0,0
Jake Evans,$0,0,0,0,0,0
Logan Thompson,$0,0,0,0,0,0
Adam Boqvist,$0,0,0,0,0,0
Vitek Vanecek,$0,0,0,0,0,0
Joel Hofer,$0,0,0,0,0,0
Michael Sgarbossa,$0,0,0,0,0,0
Lukas Rousek,$0,0,0,0,0,0
Yegor Sharangovich,$0,0,0,0,0,0
Jacob Bernard-Docker,$0,0,0,0,0,0
Morgan Geekie,$0,0,0,0,0,0
Givani Smith,$0,0,0,0,0,0
Vladislav Namestnikov,$0,0,0,0,0,0
Anthony Angello,$0,0,0,0,0,0
Alexander Kerfoot,$0,0,0,0,0,0
Marc Johnstone,$0,0,0,0,0,0
Axel Jonsson-Fjällby,$0,0,0,0,0,0
Nils Höglander,$0,0,0,0,0,0
Alexey Toropchenko,$0,0,0,0,0,0
Pius Suter,$0,0,0,0,0,0
Brandon Gignac,$0,0,0,0,0,0
Dante Fabbro,$0,0,0,0,0,0
Max Willman,$0,0,0,0,0,0
Taylor Ward,$0,0,0,0,0,0
Angus Crookshank,$0,0,0,0,0,0
Albert Johansson,$0,0,0,0,0,0
Jamieson Rees,$0,0,0,0,0,0
Ben McCartney,$0,0,0,0,0,0
Jack Eichel,$0,$0,0,0,0,0
Danila Klimovich,$0,$0,0,0,0,0
Brennan Othmann,$0,$0,0,0,0,0
Aleksi Heimosalmi,$0,$0,0,0,0,0
Kirill Kaprizov,$0,$0,0,0,0,0
Artem Grushnikov,$0,$0,0,0,0,0
Ty Voit,$0,$0,0,0,0,0
Ben Chiarot,$0,$0,0,0,0,0
Jason Robertson,$0,$0,0,0,0,0
Jake Walman,$0,$0,0,0,0,0
Luke Schenn,$0,$0,0,0,0,0
Michael Bunting,$0,$0,0,0,0,0
Filip Gustavsson,$0,$0,0,0,0,0
Jonny Brodzinski,$0,$0,0,0,0,0
Boone Jenner,$0,$0,0,0,0,0
Samuel Helenius,$0,$0,0,0,0,0
Ville Koivunen,$0,$0,0,0,0,0
Jon-Randall Avon,$0,$0,0,0,0,0
Anson Thornton,$0,$0,0,0,0,0
Tyler Boucher,$0,$0,0,0,0,0
Josh Manson,$0,"$1,000,000",0,0,0,0
Nicolas Deslauriers,$0,$0,0,0,0,0
Kirby Dach,$0,$0,0,0,0,0
Ryan Reaves,$0,$0,0,0,0,0
Noel Acciari,$0,$0,0,0,0,0
Jamie Drysdale,$0,$0,0,0,0,0
Connor Mackey,$0,$0,0,0,0,0
Mark Jankowski,$0,$0,0,0,0,0
Samuel Poulin,$0,$0,0,0,0,0
Lukas Reichel,$0,$0,0,0,0,0
Vladislav Kolyachonok,$0,$0,0,0,0,0
Jeff Skinner,$0,$0,$0,0,0,0
Josh Anderson,$0,$0,$0,0,0,0
Cale Makar,$0,$0,"$1,000,000",0,0,0
Jared McCann,$0,$0,$0,0,0,0
André Burakovsky,$0,$0,$0,0,0,0
Thomas Novak,$0,$0,$0,0,0,0
Ivany,$0,$0,$0,0,0,0
Alex Turcotte,$0,$0,$0,0,0,0
Roman Josi,$0,$0,$0,$0,0,0
Bryan Rust,$0,$0,$0,$0,0,0
Joonas Korpisalo,$0,$0,$0,$0,0,0
Ryan Nugent-Hopkins,$0,"$2,000,000","$2,500,000","$1,250,000",$0,0
Nicholas Paul,$0,$0,"$1,000,000","$1,000,000","$1,000,000",0
Ryan Pulock,$0,$0,$0,$0,$0,$0
Valeri Nichushkin,$0,$0,"$1,000,000",$0,"$2,000,000","$2,000,000"
Pierre Engvall,$0,$0,$0,$0,$0,$0
Bo Horvat,$0,$0,$0,$0,$0,$0
Kaapo Kakko,$0,0,0,0,0,0
Mark Friedman,$0,0,0,0,0,0
Gage Goncalves,$0,0,0,0,0,0
Wyatt Bongiovanni,$0,0,0,0,0,0
Anders Lee,$0,$0,0,0,0,0
Oliver Bjorkstrand,$0,$0,0,0,0,0
Robin Lehner,$0,0,0,0,0,0
Marco Rossi,$0,0,0,0,0,0
Tristen Robins,$0,0,0,0,0,0
Will Cuylle,$0,0,0,0,0,0
Jean-Luc Foudy,$0,0,0,0,0,0
Pavel Buchnevich,$0,0,0,0,0,0
Brock McGinn,$0,0,0,0,0,0
Juuse Saros,$0,0,0,0,0,0
Justin Sourdif,$0,0,0,0,0,0
Nic Dowd,$0,0,0,0,0,0
Joseph Woll,$0,0,0,0,0,0
Ville Husso,$0,0,0,0,0,0
Charlie Lindgren,$0,0,0,0,0,0
Johnathan Kovacevic,$0,0,0,0,0,0
Alexander Romanov,$0,0,0,0,0,0
Guillaume Brisebois,$0,0,0,0,0,0
Zac Dalpe,$0,0,0,0,0,0
Marcus Johansson,$0,0,0,0,0,0
Anton Blidh,$0,0,0,0,0,0
Michael Carcone,$0,0,0,0,0,0
Brayden Pachal,$0,0,0,0,0,0
Hunter Shepard,$0,0,0,0,0,0
Joel Hanley,$0,0,0,0,0,0
Patrick Brown,$0,0,0,0,0,0
Jonas Johansson,$0,0,0,0,0,0
Bowen Byram,$0,0,0,0,0,0
Joona Koppanen,$0,0,0,0,0,0
Dryden Hunt,$0,0,0,0,0,0
Ronnie Attard,$0,0,0,0,0,0
Noah Cates,$0,0,0,0,0,0
Morgan Barron,$0,0,0,0,0,0
Kevin Bahl,$0,0,0,0,0,0
David Rittich,$0,0,0,0,0,0
Zachary Sanford,$0,0,0,0,0,0
Cole Guttman,$0,0,0,0,0,0
Ty Smith,$0,0,0,0,0,0
Oskar Bäck,$0,0,0,0,0,0
Jacob Trouba,$0,$0,0,0,0,0
Thatcher Demko,$0,$0,0,0,0,0
Jaden Schwartz,$0,$0,0,0,0,0
Stanislav Svozil,$0,$0,0,0,0,0
Dmitri Kuzmin,$0,$0,0,0,0,0
Daniil Chayka,$0,$0,0,0,0,0
Jack Matier,$0,$0,0,0,0,0
Spencer Knight,$0,$0,0,0,0,0
Kyle Burroughs,$0,$0,0,0,0,0
Niko Mikkola,$0,$0,0,0,0,0
Darren Raddysh,$0,$0,0,0,0,0
Cole Smith,$0,$0,0,0,0,0
Matthew Kessel,$0,$0,0,0,0,0
Filip Larsson,$0,$0,0,0,0,0
Logan Couture,$0,$0,$0,0,0,0
Torey Krug,$0,$0,$0,0,0,0
Blake Coleman,$0,$0,$0,0,0,0
Rasmus Ristolainen,$0,$0,$0,0,0,0
Artem Zub,$0,$0,$0,0,0,0
Nino Niederreiter,$0,$0,$0,0,0,0
Casey Mittelstadt,$0,$0,"$1,000,000",0,0,0
Jonas Brodin,$0,$0,$0,$0,0,0
Kris Letang,$0,$0,"$3,800,000","$3,800,000",0,0
Dysin Mayo,$0,0,0,0,0,0
Karel Vejmelka,$0,0,0,0,0,0
Grant Hutton,$0,0,0,0,0,0
Jan Rutta,$0,0,0,0,0,0
Noah Dobson,$0,0,0,0,0,0
Daniel Vladar,$0,0,0,0,0,0
Ben Harpur,$0,0,0,0,0,0
Phillip Di Giuseppe,$0,0,0,0,0,0
Arvid Söderblom,$0,0,0,0,0,0
Louis Belpedio,$0,0,0,0,0,0
Noah Juulsen,$0,0,0,0,0,0
Matt Nieto,$0,0,0,0,0,0
Alex Belzile,$0,0,0,0,0,0
Drake Caggiula,$0,0,0,0,0,0
Justin Dowling,$0,0,0,0,0,0
Lars Eller,$0,0,0,0,0,0
Gage Quinney,$0,0,0,0,0,0
Dylan McIlrath,$0,0,0,0,0,0
Julien Gauthier,$0,0,0,0,0,0
Cam York,$0,0,0,0,0,0
John Ludvig,$0,0,0,0,0,0
Nick Abruzzese,$0,0,0,0,0,0
Alexis Lafrenière,$0,0,0,0,0,0
Justin Brazeau,$0,0,0,0,0,0
Brendan Lemieux,$0,0,0,0,0,0
Olivier Rodrigue,$0,0,0,0,0,0
Nicolas Mattinen,$0,0,0,0,0,0
Samuel Laberge,$0,0,0,0,0,0
Ryan Suzuki,$0,0,0,0,0,0
Cole Reinhardt,$0,0,0,0,0,0
Nikolas Matinpalo,$0,0,0,0,0,0
Matej Blümel,$0,0,0,0,0,0
Shea Weber,$0,$0,0,0,0,0
Ryan McDonagh,$0,$0,0,0,0,0
Colton Sissons,$0,$0,0,0,0,0
Scott Laughton,$0,$0,0,0,0,0
Zachary L'Heureux,$0,$0,0,0,0,0
Sasha Pastujov,$0,$0,0,0,0,0
Chase Stillman,$0,$0,0,0,0,0
Logan Stankoven,$0,$0,0,0,0,0
Mattias Ekholm,$0,$0,0,0,0,0
Nick Leddy,$0,$0,0,0,0,0
Mathieu Joseph,$0,$0,0,0,0,0
Andrew Peeke,$0,$0,0,0,0,0
Radko Gudas,$0,$0,0,0,0,0
Matias Maccelli,$0,$0,0,0,0,0
Nils Åman,$0,$0,0,0,0,0
Ryan Poehling,$0,$0,0,0,0,0
Zach Bogosian,$0,$0,0,0,0,0
Bobby McMann,$0,$0,0,0,0,0
Shane Bowers,$0,$0,0,0,0,0
Hugh McGing,$0,$0,0,0,0,0
Akil Thomas,$0,$0,0,0,0,0
Drew Doughty,$0,$0,$0,0,0,0
William Karlsson,$0,$0,$0,0,0,0
Philipp Grubauer,$0,$0,$0,0,0,0
Jack Campbell,$0,$0,$0,0,0,0
Ryan Strome,$0,$0,$0,0,0,0
Jordan Staal,$0,$0,"$1,315,000",0,0,0
Vince Dunn,$0,$0,$0,0,0,0
Ryan Hartman,$0,$0,$0,0,0,0
Liam O'Brien,$0,$0,$0,0,0,0
Zach Hyman,$0,"$1,000,000","$3,000,000","$1,250,000",0,0
Rickard Rakell,$0,$0,$0,$0,0,0
Compher,$0,$0,$0,$0,0,0
Miro Heiskanen,$0,$0,$0,$0,$0,0
Darnell Nurse,$0,$0,"$6,000,000","$6,000,000","$6,000,000","$6,000,000"
Morgan Rielly,$0,$0,$0,$0,$0,$0
Troy Terry,$0,$0,$0,$0,$0,$0
Jordan Kyrou,$0,$0,$0,$0,$0,$0
Dylan Larkin,$0,$0,$0,$0,$0,$0
Shea Theodore,$0,0,0,0,0,0
Zayde Wisdom,$0,0,0,0,0,0
Jacob Perreault,$0,0,0,0,0,0
Lukas Cormier,$0,0,0,0,0,0
Elliot Desnoyers,$0,0,0,0,0,0
Samuel Knazko,$0,0,0,0,0,0
Ryan Suter,$0,0,0,0,0,0
Dylan Guenther,$0,0,0,0,0,0
Ronan Seeley,$0,0,0,0,0,0
Robby Fabbri,$0,0,0,0,0,0
Anton Forsberg,$0,0,0,0,0,0
Alexandar Georgiev,$0,0,0,0,0,0
Jakub Skarek,$0,0,0,0,0,0
Trent Frederic,$0,0,0,0,0,0
Evan Bouchard,$0,0,0,0,0,0
Tim Gettinger,$0,0,0,0,0,0
Connor Hughes,$0,0,0,0,0,0
Rodrigo Abols,$0,0,0,0,0,0
Patrik Koch,$0,0,0,0,0,0
Ian Mitchell,$0,0,0,0,0,0
Alex Tuch,$0,$0,0,0,0,0
Kyle Connor,$0,$0,0,0,0,0
Adam Lowry,$0,$0,0,0,0,0
Brandon Saad,$0,$0,0,0,0,0
Olen Zellweger,$0,$0,0,0,0,0
Zachary Bolduc,$0,$0,0,0,0,0
Zack Ostapchuk,$0,$0,0,0,0,0
Ross Johnston,$0,$0,0,0,0,0
Ilya Mikheyev,$0,$0,0,0,0,0
Stuart Skinner,$0,$0,0,0,0,0
Connor Clifton,$0,$0,0,0,0,0
Ben Hutton,$0,$0,0,0,0,0
Kevin Gravel,$0,$0,0,0,0,0
Jacob Moverare,$0,$0,0,0,0,0
Vasily Podkolzin,$0,$0,0,0,0,0
Ryan Schmelzer,$0,$0,0,0,0,0
Valtteri Puustinen,$0,$0,0,0,0,0
Declan Carlile,$0,$0,0,0,0,0
Samuel Girard,$0,$0,$0,0,0,0
Brendan Gallagher,$0,$0,$0,0,0,0
Filip Chytil,$0,$0,$0,0,0,0
Clay Stevenson,$0,$0,$0,0,0,0
Jonas Siegenthaler,$0,$0,$0,$0,0,0
Gabriel Landeskog,$0,$0,"$1,000,000",$0,$0,0
Jack Hughes,$0,$0,$0,$0,$0,$0
Tage Thompson,$0,$0,$0,$0,$0,$0
Andrew Mangiapane,$0,0,0,0,0,0
Jake Oettinger,$0,0,0,0,0,0
Mark Kastelic,$0,0,0,0,0,0
Conor Timmins,$0,0,0,0,0,0
Brett Kulak,0,$0,0,0,0,0
Matthew Benning,0,$0,0,0,0,0
Mario Ferraro,0,$0,0,0,0,0
Justin Holl,0,$0,0,0,0,0
Mikael Backlund,0,$0,0,0,0,0
Uvis Balinskis,0,$0,0,0,0,0
Martin Pospisil,0,$0,0,0,0,0
Daniil Miromanov,0,$0,0,0,0,0
Brian Halonen,0,$0,0,0,0,0
Adam Ginning,0,$0,0,0,0,0
John Gibson,0,$0,$0,0,0,0
Jared Spurgeon,0,$0,$0,0,0,0
John Marino,0,$0,$0,0,0,0
Casey Cizikas,0,$0,$0,0,0,0
Lawson Crouse,0,$0,$0,0,0,0
Ryan O'Reilly,0,$0,$0,0,0,0
Clayton Keller,0,$0,"$2,000,000","$2,000,000",0,0
Trevor Moore,0,$0,$0,$0,0,0
Marcus Foligno,0,$0,$0,$0,0,0
Adam Pelech,0,$0,$0,$0,$0,0
Colton Parayko,0,$0,$0,$0,$0,$0
Robert Thomas,0,$0,$0,$0,$0,$0
Jordan Eberle,0,$0,0,0,0,0
Marcus Högberg,0,$0,0,0,0,0
Yegor Chinakhov,0,$0,0,0,0,0
Chris Kreider,0,$0,"$1,000,000",0,0,0
Barclay Goodrow,0,$0,"$1,250,000",0,0,0
Quinn Hughes,0,$0,$0,0,0,0
Artturi Lehkonen,0,$0,"$1,000,000",0,0,0
Simon Benoit,0,$0,$0,0,0,0
Kyle MacLean,0,$0,$0,0,0,0
Brayden Schenn,0,$0,$0,$0,0,0
Joel Eriksson Ek,0,$0,$0,$0,$0,0
Joshua Norris,0,$0,$0,$0,$0,$0
Scott Mayfield,0,$0,$0,$0,$0,$0
Tim Stützle,0,$0,$0,$0,$0,$0
Michael Anderson,0,$0,$0,$0,$0,$0
Jake Sanderson,0,$0,$0,$0,$0,$0
Filip Forsberg,0,0,"$3,000,000","$3,000,000","$3,000,000","$3,000,000"
Zach Whitecloud,0,0,$0,$0,0,0
Ivan Barbashev,0,0,$0,$0,0,0
Dylan DeMelo,0,0,$0,$0,0,0
Nick Suzuki,0,0,$0,$0,"$3,000,000","$3,000,000"
Dylan Cozens,0,0,$0,$0,$0,$0
